Metric,Extractability Score
Mean,39.31166666666667
Median,38.49
Std Dev,11.172636845637964
Min,7.61
Max,63.69
Q1,31.759999999999998
Q3,46.985
