Metric,Extractability Score
Mean,39.462957746478864
Median,38.28
Std Dev,11.102499125919636
Min,7.61
Max,63.75
Q1,32.16
Q3,46.83
